{"_id":{"$oid":"633de4ab2ae68b2e1e0430e4"},"tuit":"In 2021, our @NASAPersevere Mars rover landed and our Ingenuity helicopter took flight. Two asteroid missions launched to the skies, and another began its journey home to Earth. A look back at highlights for our #NASAScience planetary missions: https://go.nasa.gov/32zX2fE","postedBy":{"$oid":"633ddf040b81d782233d0814"},"postedOn":{"$date":"2022-10-05T20:10:19.19Z"},"__v":0}
{"_id":{"$oid":"633de4dd2ae68b2e1e0430e6"},"tuit":"@SpaceX Dragon spacecraft returns to Earth with @ISS_Research that could help us better understand neurodegenerative diseases, gene expression, & muscle atrophy. Undocking from the @Space_Station is at 9:05am ET (13:05 UT). Watch:","postedBy":{"$oid":"633ddf570b81d782233d0816"},"postedOn":{"$date":"2022-10-05T20:11:09.034Z"},"__v":0}
