{"_id":{"$oid":"633dde9d0b81d782233d080d"},"username":"alice","password":"alice123","firstName":"Alice","lastName":"Wonderland","email":"alice@wonderland.com","accountType":"PERSONAL","maritalStatus":"SINGLE","location":{"latitude":0,"longitude":0},"joined":{"$date":"2022-10-05T19:44:29.327Z"},"__v":0}
{"_id":{"$oid":"633ddeb40b81d782233d080f"},"username":"bob","password":"bob321","firstName":"Bob","lastName":"Hope","email":"bob@hope.com","accountType":"PERSONAL","maritalStatus":"SINGLE","location":{"latitude":0,"longitude":0},"joined":{"$date":"2022-10-05T19:44:52.991Z"},"__v":0}
{"_id":{"$oid":"633ddee20b81d782233d0812"},"username":"charlie","password":"charlie432","firstName":"Charlie","lastName":"Brown","email":"charlie@peanuts.com","accountType":"PERSONAL","maritalStatus":"SINGLE","location":{"latitude":0,"longitude":0},"joined":{"$date":"2022-10-05T19:45:38.356Z"},"__v":0}
{"_id":{"$oid":"633ddf040b81d782233d0814"},"username":"nasa","password":"nasa321","firstName":"NASA","lastName":"Gov","email":"space@nasa.gov","accountType":"PERSONAL","maritalStatus":"SINGLE","location":{"latitude":0,"longitude":0},"joined":{"$date":"2022-10-05T19:46:12.788Z"},"__v":0}
{"_id":{"$oid":"633ddf570b81d782233d0816"},"username":"spacex","password":"spacex420","firstName":"SpaceX","lastName":"","email":"elon@spacex.com","accountType":"PERSONAL","maritalStatus":"SINGLE","location":{"latitude":0,"longitude":0},"joined":{"$date":"2022-10-05T19:47:35.17Z"},"__v":0}
